chain_id,transaction_id,transaction_date,credit_amount,currency,narration,reference
CHAIN000001,BTX0001,2026-08-26,898.27,INR,Settlement for PAY0001,SETTXN0001
CHAIN000002,BTX0002,2026-08-13,4458.76,INR,Settlement for PAY0002,SETTXN0002
CHAIN000003,BTX0003,2026-08-24,2153.29,INR,Settlement for PAY0003,SETTXN0003
CHAIN000004,BTX0004,2026-08-21,1901.30,INR,Settlement for PAY0004,SETTXN0004
CHAIN000005,BTX0005,2026-08-03,1007.96,INR,Settlement for PAY0005,SETTXN0005
CHAIN000006,BTX0006,2026-08-10,4033.83,INR,Settlement for PAY0006,SETTXN0006
CHAIN000007,BTX0007,2026-08-20,922.98,INR,Settlement for PAY0007,SETTXN0007
CHAIN000008,BTX0008,2026-08-16,9316.75,INR,Settlement for PAY0008,SETTXN0008
CHAIN000009,BTX0009,2026-08-21,7766.26,INR,Settlement for PAY0009,SETTXN0009
CHAIN000010,BTX0010,2026-08-30,598.85,INR,Settlement for PAY0010,SETTXN0010
CHAIN000011,BTX0011,2026-08-13,7286.40,INR,Settlement for PAY0011,SETTXN0011
CHAIN000012,BTX0012,2026-08-09,3011.05,INR,Settlement for PAY0012,SETTXN0012
CHAIN000013,BTX0013,2026-08-05,2148.35,INR,Settlement for PAY0013,SETTXN0013
CHAIN000014,BTX0014,2026-08-14,2059.41,INR,Settlement for PAY0014,SETTXN0014
CHAIN000015,BTX0015,2026-08-28,4775.97,INR,Settlement for PAY0015,SETTXN0015
CHAIN000016,BTX0016,2026-08-23,7932.28,INR,Settlement for PAY0016,SETTXN0016
CHAIN000017,BTX0017,2026-08-05,6621.93,INR,Settlement for PAY0017,SETTXN0017
CHAIN000018,BTX0018,2026-08-29,5240.42,INR,Settlement for PAY0018,SETTXN0018
CHAIN000019,BTX0019,2026-08-21,6349.18,INR,Settlement for PAY0019,SETTXN0019
CHAIN000020,BTX0020,2026-08-04,1619.66,INR,Settlement for PAY0020,SETTXN0020
CHAIN000021,BTX0021,2026-08-05,5179.16,INR,Settlement for PAY0021,SETTXN0021
CHAIN000022,BTX0022,2026-08-15,2128.58,INR,Settlement for PAY0022,SETTXN0022
CHAIN000023,BTX0023,2026-08-23,7834.45,INR,Settlement for PAY0023,SETTXN0023
CHAIN000024,BTX0024,2026-08-14,3126.66,INR,Settlement for PAY0024,SETTXN0024
CHAIN000025,BTX0025,2026-08-24,3885.60,INR,Settlement for PAY0025,SETTXN0025
CHAIN000026,BTX0026,2026-08-22,1649.31,INR,Settlement for PAY0026,SETTXN0026
CHAIN000027,BTX0027,2026-08-26,9141.84,INR,Settlement for PAY0027,SETTXN0027
CHAIN000028,BTX0028,2026-08-17,3139.51,INR,Settlement for PAY0028,SETTXN0028
CHAIN000029,BTX0029,2026-09-01,4863.92,INR,Settlement for PAY0029,SETTXN0029
CHAIN000030,BTX0030,2026-08-24,4049.64,INR,Settlement for PAY0030,SETTXN0030
CHAIN000031,BTX0031,2026-08-10,1399.29,INR,Settlement for PAY0031,SETTXN0031
CHAIN000032,BTX0032,2026-08-15,5601.12,INR,Settlement for PAY0032,SETTXN0032
CHAIN000033,BTX0033,2026-08-09,1565.31,INR,Settlement for PAY0033,SETTXN0033
CHAIN000034,BTX0034_COMBINED,2026-08-09,10107.31,INR,Combined settlement for PAY0034 and PAY0088,COMBINED-SETTXN0034-SETTXN0088
CHAIN000035,BTX0035,2026-08-31,6899.61,INR,Settlement for PAY0035,SETTXN0035
CHAIN000036,BTX0036,2026-08-11,2806.49,INR,Settlement for PAY0036,SETTXN0036
CHAIN000037,BTX0037,2026-08-26,4486.43,INR,Settlement for PAY0037,SETTXN0037
CHAIN000039,BTX0039,2026-08-31,7430.28,INR,Settlement for PAY0039,SETTXN0039
CHAIN000040,BTX0040,2026-08-14,6959.89,INR,Settlement for PAY0040,SETTXN0040
CHAIN000041,BTX0041,2026-08-19,2733.36,INR,Settlement for PAY0041,SETTXN0041
CHAIN000042,BTX0042,2026-08-30,1965.53,INR,Settlement for PAY0042,SETTXN0042
CHAIN000043,BTX0043,2026-08-10,2268.91,INR,Settlement for PAY0043,SETTXN0043
CHAIN000044,BTX0044,2026-08-22,7328.49,INR,Settlement for PAY0044,SETTXN0044
CHAIN000045,BTX0045,2026-08-15,6723.71,INR,Settlement for PAY0045,SETTXN0045
CHAIN000047,BTX0047,2026-08-30,9451.14,INR,Settlement for PAY0047,SETTXN0047
CHAIN000048,BTX0048,2026-08-24,2347.96,INR,Settlement for PAY0048,SETTXN0048
CHAIN000050,BTX0050,2026-08-12,2299.54,INR,Settlement for PAY0050,SETTXN0050
CHAIN000051,BTX0051,2026-08-20,3054.53,INR,Settlement for PAY0051,SETTXN0051
CHAIN000052,BTX0052,2026-08-19,4758.18,INR,Settlement for PAY0052,SETTXN0052
CHAIN000053,BTX0053,2026-09-01,8712.96,INR,Settlement for PAY0053,SETTXN0053
CHAIN000054,BTX0054,2026-08-29,5325.41,INR,Settlement for PAY0054,SETTXN0054
CHAIN000055,BTX0055,2026-08-07,3713.66,INR,Settlement for PAY0055,SETTXN0055
CHAIN000056,BTX0056,2026-08-20,3058.88,INR,Settlement for PAY0056,SETTXN0056
CHAIN000057,BTX0057,2026-08-22,452.99,INR,Settlement for PAY0057,SETTXN0057
CHAIN000058,BTX0058,2026-08-03,8404.64,INR,Settlement for PAY0058,SETTXN0058
CHAIN000059,BTX0059,2026-08-31,6370.93,INR,Settlement for PAY0059,SETTXN0059
CHAIN000060,BTX0060,2026-08-04,4370.81,INR,Settlement for PAY0060,SETTXN0060
CHAIN000061,BTX0061,2026-08-05,9679.42,INR,Settlement for PAY0061,SETTXN0061
CHAIN000062,BTX0062,2026-08-29,8362.15,INR,Settlement for PAY0062,SETTXN0062
CHAIN000063,BTX0063,2026-08-27,9118.12,INR,Settlement for PAY0063,SETTXN0063
CHAIN000064,BTX0064,2026-08-24,2572.28,INR,Settlement for PAY0064,SETTXN0064
CHAIN000065,BTX0065,2026-08-08,9394.82,INR,Settlement for PAY0065,SETTXN0065
CHAIN000066,BTX0066,2026-09-02,9037.09,INR,Settlement for PAY0066,SETTXN0066
CHAIN000067,BTX0067,2026-08-09,7344.30,INR,Settlement for PAY0067,SETTXN0067
CHAIN000068,BTX0068,2026-08-25,3750.22,INR,Settlement for PAY0068,SETTXN0068
CHAIN000069,BTX0069,2026-08-24,6953.96,INR,Settlement for PAY0069,SETTXN0069
CHAIN000070,BTX0070,2026-08-31,7586.41,INR,Settlement for PAY0070,SETTXN0070
CHAIN000071,BTX0071,2026-08-09,7803.82,INR,Settlement for PAY0071,SETTXN0071
CHAIN000072,BTX0072,2026-08-05,4131.66,INR,Settlement for PAY0072,SETTXN0072
CHAIN000073,BTX0073,2026-08-21,784.04,INR,Settlement for PAY0073,SETTXN0073
CHAIN000074,BTX0074,2026-08-21,4169.61,INR,Settlement for PAY0074,SETTXN0074
CHAIN000075,BTX0075,2026-08-05,609.72,INR,Settlement for PAY0075,SETTXN0075
CHAIN000076,BTX0076,2026-08-05,4199.85,INR,Settlement for PAY0076,SETTXN0076
CHAIN000078,BTX0078,2026-08-11,4347.09,INR,Settlement for PAY0078,SETTXN0078
CHAIN000079,BTX0079,2026-08-23,3962.68,INR,Settlement for PAY0079,SETTXN0079
CHAIN000080,BTX0080,2026-08-21,9738.71,INR,Settlement for PAY0080,SETTXN0080
CHAIN000081,BTX0081,2026-08-28,4428.12,INR,Settlement for PAY0081,SETTXN0081
CHAIN000082,BTX0082,2026-08-09,7084.41,INR,Settlement for PAY0082,SETTXN0082
CHAIN000083,BTX0083,2026-08-24,2063.36,INR,Settlement for PAY0083,SETTXN0083
CHAIN000084,BTX0084,2026-08-16,6229.61,INR,Settlement for PAY0084,SETTXN0084
CHAIN000085,BTX0085,2026-08-30,8054.82,INR,Settlement for PAY0085,SETTXN0085
CHAIN000086,BTX0086,2026-08-04,2087.08,INR,Settlement for PAY0086,SETTXN0086
CHAIN000087,BTX0087,2026-08-28,5987.50,INR,Settlement for PAY0087,SETTXN0087
CHAIN000089,BTX0089,2026-08-17,9176.43,INR,Settlement for PAY0089,SETTXN0089
CHAIN000090,BTX0090,2026-08-08,7324.54,INR,Settlement for PAY0090,SETTXN0090
CHAIN000091,BTX0091,2026-08-10,7983.67,INR,Settlement for PAY0091,SETTXN0091
CHAIN000092,BTX0092,2026-08-31,7668.43,INR,Settlement for PAY0092,SETTXN0092
CHAIN000094,BTX0094,2026-08-05,732.26,INR,Settlement for PAY0094,SETTXN0094
CHAIN000095,BTX0095,2026-08-16,3185.96,INR,Settlement for PAY0095,SETTXN0095
CHAIN000096,BTX0096,2026-08-09,8287.05,INR,Settlement for PAY0096,SETTXN0096
CHAIN000097,BTX0097,2026-08-08,1442.77,INR,Settlement for PAY0097,SETTXN0097
CHAIN000098,BTX0098,2026-08-15,528.69,INR,Settlement for PAY0098,SETTXN0098
CHAIN000099,BTX0099,2026-08-12,7860.14,INR,Settlement for PAY0099,SETTXN0099
CHAIN000100,BTX0100,2026-08-24,9491.66,INR,Settlement for PAY0100,SETTXN0100
CHAIN000031,BTX0031_DUP,2026-08-10,1399.29,INR,Settlement for PAY0031,SETTXN0031
CHAIN000022,BTX0022_DUP,2026-08-15,2128.58,INR,Settlement for PAY0022,SETTXN0022
CHAIN000033,BTX0033_DUP,2026-08-09,1565.31,INR,Settlement for PAY0033,SETTXN0033
